{
    "0": {
        "cam_K": [
            605.2263793945312,
            0.0,
            332.7033996582031,
            0.0,
            604.6444702148438,
            240.75430297851562,
            0.0,
            0.0,
            1.0
        ],
        "depth_scale": 0.0010000000474974513
    }
}