{
    "cam_K": [
        608.190673828125,
        0,
        326.26312255859375,
        0,
        608.312744140625,
        238.7494659423828,
        0,
        0,
        1
    ],
    "depth_scale": 0.001
}